species,kingdom,url,halotolerant
Aeluropus lagopoides,Plantae,https://www.gbif.org/species/4136488,No
Aeluropus sp,,,No
Aeluropus spp,,,No
Alkalilimnicola ehrlichii,Bacteria,https://www.gbif.org/species/7417445,No
Alkalilimnicola sp,Bacteria,https://www.gbif.org/species/3222608,No
Alkalilimnicola spp,Bacteria,https://www.gbif.org/species/3222608,No
Allenrolfea occidentalis,Plantae,https://www.gbif.org/species/3083574,No
Allenrolfea sp,Plantae,https://www.gbif.org/species/3083573,No
Allenrolfea spp,Plantae,https://www.gbif.org/species/3083573,No
Ammophila arenaria,,,No
Ammophila sp,,,No
Ammophila spp,,,No
Anabasis setifera,Plantae,https://www.gbif.org/species/5568513,No
Anabasis sp,,,No
Anabasis spp,,,No
Aphanothece halophytica,Bacteria,https://www.gbif.org/species/10793096,No
Aphanothece sp,Bacteria,https://www.gbif.org/species/10793096,No
Aphanothece spp,Bacteria,https://www.gbif.org/species/10793096,No
Arbuscular mycorrhizal,,,No
Artemia salina,Animalia,https://www.gbif.org/species/2235237,No
Artemia sp,Animalia,https://www.gbif.org/species/2235232,No
Artemia spp,Animalia,https://www.gbif.org/species/2235232,No
Arthrocnemum macrostachyum,Plantae,https://www.gbif.org/species/3064,No
Arthrocnemum sp,Plantae,https://www.gbif.org/species/3083986,No
Arthrocnemum spp,Plantae,https://www.gbif.org/species/3083986,No
Atriplex canescens,Plantae,https://www.gbif.org/species/3083750,No
Atriplex dimorphostegia,Plantae,https://www.gbif.org/species/6035855,No
Atriplex glauca,Plantae,https://www.gbif.org/species/7501008,No
Atriplex halimus,Plantae,https://www.gbif.org/species/3083718,No
Atriplex lentiformis,Plantae,https://www.gbif.org/species/3083785,No
Atriplex nitens,Plantae,https://www.gbif.org/species/3083677,No
Atriplex patula,Plantae,https://www.gbif.org/species/3083728,No
Atriplex prostrata,Plantae,https://www.gbif.org/species/3083786,No
Atriplex rosea,Plantae,https://www.gbif.org/species/3083745,No
Atriplex sp,Plantae,https://www.gbif.org/species/10651755,No
Atriplex spp,Plantae,https://www.gbif.org/species/10651755,No
Atriplex tatarica,Plantae,https://www.gbif.org/species/3083702,No
Atriplex triangularis,Plantae,https://www.gbif.org/species/3083788,No
Avicennia germinans,Plantae,https://www.gbif.org/species/2925400,No
Avicennia marina,Plantae,https://www.gbif.org/species/2925403,No
Avicennia sp,Plantae,https://www.gbif.org/species/2925398,No
Avicennia spp,Plantae,https://www.gbif.org/species/2925398,No
Bacillus aquimaris,Bacteria,https://www.gbif.org/species/5428024,No
Bacillus licheniformis,Bacteria,https://www.gbif.org/species/5428113,No
Bacillus sp,,,No
Bacillus spp,,,No
Batis argillicola,Plantae,https://www.gbif.org/species/5680438,No
Batis maritima,Plantae,https://www.gbif.org/species/5414196,No
Batis sp,,,No
Batis spp,,,No
Branchinella kugenumaensis,Animalia,https://www.gbif.org/species/2235222,No
Branchinella sp,Animalia,https://www.gbif.org/species/2235189,No
Branchinella spp,Animalia,https://www.gbif.org/species/2235189,No
Cakile maritima,Plantae,https://www.gbif.org/species/3048831,No
Cakile sp,Plantae,https://www.gbif.org/species/3048827,No
Cakile spp,Plantae,https://www.gbif.org/species/3048827,No
Cerastium sp,Plantae,https://www.gbif.org/species/2873815,No
Cerastium spp,Plantae,https://www.gbif.org/species/2873815,No
Cerastium vulgatum,Plantae,https://www.gbif.org/species/2873815,No
Ceriops sp,Plantae,https://www.gbif.org/species/3086517,No
Ceriops spp,Plantae,https://www.gbif.org/species/3086517,No
Ceriops tagal,Plantae,https://www.gbif.org/species/3086518,No
Chenopodium album,Plantae,https://www.gbif.org/species/3083838,No
Chenopodium sp,Plantae,https://www.gbif.org/species/3083823,No
Chenopodium spp,Plantae,https://www.gbif.org/species/3083823,No
Chromatium salexigens,Bacteria,https://www.gbif.org/species/5427757,No
Chromatium sp,,,No
Chromatium spp,,,No
Chromohalobacter salexigens,Bacteria,https://www.gbif.org/species/3222068,No
Chromohalobacter sp,Bacteria,https://www.gbif.org/species/3222060,No
Chromohalobacter spp,Bacteria,https://www.gbif.org/species/3222060,No
Cressa cretica,Plantae,https://www.gbif.org/species/7324452,No
Cressa sp,,,No
Cressa spp,,,No
Cyperus malaccensis,Plantae,https://www.gbif.org/species/2715148,No
Cyperus sp,Plantae,https://www.gbif.org/species/2713455,No
Cyperus spp,Plantae,https://www.gbif.org/species/2713455,No
Daphnia magna,Animalia,https://www.gbif.org/species/2234822,No
Daphnia sp,Animalia,https://www.gbif.org/species/2234785,No
Daphnia spp,Animalia,https://www.gbif.org/species/2234785,No
Desulfovibrio halophilus,Bacteria,https://www.gbif.org/species/3220472,No
Desulfovibrio sp,Bacteria,https://www.gbif.org/species/8939,No
Desulfovibrio spp,Bacteria,https://www.gbif.org/species/8939,No
Diazotroph,,,No
Distichlis palmeri,Plantae,https://www.gbif.org/species/4121607,No
Distichlis sp,Plantae,https://www.gbif.org/species/2704508,No
Distichlis spicata,Plantae,https://www.gbif.org/species/2704509,No
Distichlis spp,Plantae,https://www.gbif.org/species/2704508,No
Dunaliella parva,Plantae,https://www.gbif.org/species/2687978,No
Dunaliella salina,Plantae,https://www.gbif.org/species/2687984,No
Dunaliella sp,Plantae,https://www.gbif.org/species/2687976,No
Dunaliella spp,Plantae,https://www.gbif.org/species/2687976,No
Dunaliella tertiolecta,Plantae,https://www.gbif.org/species/8251272,No
Ephydra hians,Animalia,https://www.gbif.org/species/12161786,No
Ephydra sp,Animalia,https://www.gbif.org/species/1490190,No
Ephydra spp,Animalia,https://www.gbif.org/species/1490190,No
Eragrostis mexicana,Plantae,https://www.gbif.org/species/2705339,No
Eragrostis sp,Plantae,https://www.gbif.org/species/2705322,No
Eragrostis spp,Plantae,https://www.gbif.org/species/2705322,No
Eukaryotic Halophiles,,,No
Eukaryotic sp,,,No
Eukaryotic spp,,,No
Festuca arundinacea,Plantae,https://www.gbif.org/species/3073,No
Festuca rubra,Plantae,https://www.gbif.org/species/2704922,No
Festuca sp,Plantae,https://www.gbif.org/species/2704913,No
Festuca spp,Plantae,https://www.gbif.org/species/2704913,No
Frankeniaceae sp,Plantae,https://www.gbif.org/species/2380,No
Frankeniaceae spp,Plantae,https://www.gbif.org/species/2380,No
Frankeniaceae spp.,Plantae,https://www.gbif.org/species/2380,No
Glomeromycota,Fungi,https://www.gbif.org/species/18,No
Glycyrrhiza glabra,Plantae,https://www.gbif.org/species/2965732,No
Glycyrrhiza sp,Plantae,https://www.gbif.org/species/2965731,No
Glycyrrhiza spp,Plantae,https://www.gbif.org/species/2965731,No
Haladaptatus paucihalophilus,Archaea,https://www.gbif.org/species/7947949,No
Haladaptatus sp,Archaea,https://www.gbif.org/species/4896436,No
Haladaptatus spp,Archaea,https://www.gbif.org/species/4896436,No
Halalkalicoccus sp,Archaea,https://www.gbif.org/species/1000193,No
Halalkalicoccus spp,Archaea,https://www.gbif.org/species/1000193,No
Halalkalicoccus tibetensis,Archaea,https://www.gbif.org/species/1000194,No
Halanaerobaculum mobile,Bacteria,https://www.gbif.org/species/7963503,No
Halanaerobaculum sp,Bacteria,https://www.gbif.org/species/7963503,No
Halanaerobaculum spp,Bacteria,https://www.gbif.org/species/7963503,No
Halanaerobaculum tunisiense,Bacteria,https://www.gbif.org/species/8045809,No
Halanaerobium praevalens,Bacteria,https://www.gbif.org/species/4902982,No
Halanaerobium saccharolyticum,Bacteria,https://www.gbif.org/species/10832377,No
Halanaerobium sp,Bacteria,https://www.gbif.org/species/3226965,No
Halanaerobium spp,Bacteria,https://www.gbif.org/species/3226965,No
Halarchaeum acidiphilum,Archaea,https://www.gbif.org/species/8338840,No
Halarchaeum sp,Archaea,https://www.gbif.org/species/7509409,No
Halarchaeum spp,Archaea,https://www.gbif.org/species/7509409,No
Halimione portulacoides,Plantae,https://www.gbif.org/species/3756031,No
Halimione sp,Plantae,https://www.gbif.org/species/7830407,No
Halimione spp,Plantae,https://www.gbif.org/species/7830407,No
Haloarcula marismortui,Archaea,https://www.gbif.org/species/8393546,No
Haloarcula sp,Archaea,https://www.gbif.org/species/1000247,No
Haloarcula spp,Archaea,https://www.gbif.org/species/1000247,No
Haloarcula vallismortis,Archaea,https://www.gbif.org/species/1000252,No
Halobacillus sp,Bacteria,https://www.gbif.org/species/3227822,No
Halobacillus spp,Bacteria,https://www.gbif.org/species/3227822,No
Halobacillus trueperi,Bacteria,https://www.gbif.org/species/3227828,No
Halobacteriovorax marinus,Bacteria,https://www.gbif.org/species/7674252,No
Halobacteriovorax sp,Bacteria,https://www.gbif.org/species/8187435,No
Halobacteriovorax spp,Bacteria,https://www.gbif.org/species/8187435,No
Halobacterium cutirubrum,Archaea,https://www.gbif.org/species/1000184,No
Halobacterium salinarum,Archaea,https://www.gbif.org/species/7357253,No
Halobacterium sp,Archaea,https://www.gbif.org/species/1000182,No
Halobacterium spp,Archaea,https://www.gbif.org/species/1000182,No
Halobacterium volcanii,Archaea,https://www.gbif.org/species/1000202,No
Halobaculum gomorrense,Archaea,https://www.gbif.org/species/1000188,No
Halobaculum lacusprofundi,Archaea,https://www.gbif.org/species/1000187,No
Halobaculum sp,Archaea,https://www.gbif.org/species/1000187,No
Halobaculum spp,Archaea,https://www.gbif.org/species/1000187,No
Halobellus limi,Archaea,https://www.gbif.org/species/7901633,No
Halobellus sp,Archaea,https://www.gbif.org/species/8108381,No
Halobellus spp,Archaea,https://www.gbif.org/species/8108381,No
Halochlorella rubescens,Plantae,https://www.gbif.org/species/2641208,No
Halochlorella sp,Plantae,https://www.gbif.org/species/2641208,No
Halochlorella spp,Plantae,https://www.gbif.org/species/2641208,No
Halocnemum sp,Plantae,https://www.gbif.org/species/6035868,No
Halocnemum spp,Plantae,https://www.gbif.org/species/6035868,No
Halocnemum strobilaceum,Plantae,https://www.gbif.org/species/3760350,No
Halococcus dombrowskii,Archaea,https://www.gbif.org/species/4983781,No
Halococcus salifodinae,Archaea,https://www.gbif.org/species/4983777,No
Halococcus sp,,,No
Halococcus spp,,,No
Haloferax alexandrinus,Archaea,https://www.gbif.org/species/1000196,No
Haloferax denitrificans,Archaea,https://www.gbif.org/species/1000197,No
Haloferax gibbonsii,Archaea,https://www.gbif.org/species/1000199,No
Haloferax larsenii,Archaea,https://www.gbif.org/species/8238890,No
Haloferax mediterranei,Archaea,https://www.gbif.org/species/1000204,No
Haloferax sp,Archaea,https://www.gbif.org/species/1000195,No
Haloferax spp,Archaea,https://www.gbif.org/species/1000195,No
Haloferax sulfurifontis,Archaea,https://www.gbif.org/species/1000200,No
Haloferax volcanii,Archaea,https://www.gbif.org/species/1000201,No
Halogeometricum borinquense,Archaea,https://www.gbif.org/species/1000278,No
Halogeometricum sp,Archaea,https://www.gbif.org/species/1000277,No
Halogeometricum spp,Archaea,https://www.gbif.org/species/1000277,No
Halogeton glomeratus,Plantae,https://www.gbif.org/species/3083621,No
Halogeton sativus,Plantae,https://www.gbif.org/species/3760183,No
Halogeton sp,Plantae,https://www.gbif.org/species/3083620,No
Halogeton spp,Plantae,https://www.gbif.org/species/3083620,No
Halogranum rubrum,Archaea,https://www.gbif.org/species/5900861,No
Halogranum sp,Archaea,https://www.gbif.org/species/5900860,No
Halogranum spp,Archaea,https://www.gbif.org/species/5900860,No
Halomarina rubra,Archaea,https://www.gbif.org/species/5901000,No
Halomarina sp,Archaea,https://www.gbif.org/species/5901000,No
Halomarina spp,Archaea,https://www.gbif.org/species/5901000,No
Halomicroarcula limi,Archaea,https://www.gbif.org/species/7832118,No
Halomicroarcula sp,Archaea,https://www.gbif.org/species/7832118,No
Halomicroarcula spp,Archaea,https://www.gbif.org/species/7832118,No
Halomicrobium mukohataei,Archaea,https://www.gbif.org/species/1000190,No
Halomicrobium sp,Archaea,https://www.gbif.org/species/1000189,No
Halomicrobium spp,Archaea,https://www.gbif.org/species/1000189,No
Halomonas elongata,Bacteria,https://www.gbif.org/species/3222126,No
Halomonas salina,Bacteria,https://www.gbif.org/species/10903360,No
Halomonas sp,Bacteria,https://www.gbif.org/species/9535,No
Halomonas spp,Bacteria,https://www.gbif.org/species/9535,No
Halomonas variabilis,Bacteria,https://www.gbif.org/species/3222132,No
Halonotius aquaticus,Archaea,https://www.gbif.org/species/7939761,No
Halonotius pteroides,Archaea,https://www.gbif.org/species/8069963,No
Halonotius sp,Archaea,https://www.gbif.org/species/7939761,No
Halonotius spp,Archaea,https://www.gbif.org/species/7939761,No
Halopelagius lacus,Archaea,https://www.gbif.org/species/5901082,No
Halopelagius sp,Archaea,https://www.gbif.org/species/5901082,No
Halopelagius spp,Archaea,https://www.gbif.org/species/5901082,No
Halopeplis perfoliata,Plantae,https://www.gbif.org/species/3760088,No
Halopeplis sp,Plantae,https://www.gbif.org/species/6035848,No
Halopeplis spp,Plantae,https://www.gbif.org/species/6035848,No
Halopiger sp,Archaea,https://www.gbif.org/species/9598310,No
Halopiger spp,Archaea,https://www.gbif.org/species/9598310,No
Halopiger xanaduensis,Archaea,https://www.gbif.org/species/7351013,No
Haloplanus natans,Archaea,https://www.gbif.org/species/5901085,No
Haloplanus sp,Archaea,https://www.gbif.org/species/4896437,No
Haloplanus spp,Archaea,https://www.gbif.org/species/4896437,No
Halopseudomonas sabulilitoris,,,No
Halopseudomonas sp,,,No
Halopseudomonas spp,,,No
Halopyrum mucronatum,Plantae,https://www.gbif.org/species/4125155,No
Halopyrum sp,Plantae,https://www.gbif.org/species/4125156,No
Halopyrum spp,Plantae,https://www.gbif.org/species/4125156,No
Haloquadratum sp,Archaea,https://www.gbif.org/species/4896435,No
Haloquadratum spp,Archaea,https://www.gbif.org/species/4896435,No
Haloquadratum walsbyi,Archaea,https://www.gbif.org/species/11103111,No
Halorhabdus rudnickae,Archaea,https://www.gbif.org/species/9629596,No
Halorhabdus sp,Archaea,https://www.gbif.org/species/1000245,No
Halorhabdus spp,Archaea,https://www.gbif.org/species/1000245,No
Halorhabdus tiamatea,Archaea,https://www.gbif.org/species/5901071,No
Halorhabdus utahensis,Archaea,https://www.gbif.org/species/1000246,No
Halorhodospira halochloris,Bacteria,https://www.gbif.org/species/3222623,No
Halorhodospira halophila,Bacteria,https://www.gbif.org/species/11453864,No
Halorhodospira sp,Bacteria,https://www.gbif.org/species/3222622,No
Halorhodospira spp,Bacteria,https://www.gbif.org/species/3222622,No
Halorubrum ezzemoulense,Archaea,https://www.gbif.org/species/1000232,No
Halorubrum lacusprofundi,Archaea,https://www.gbif.org/species/1000225,No
Halorubrum sp,Archaea,https://www.gbif.org/species/1000206,No
Halorubrum spp,Archaea,https://www.gbif.org/species/1000206,No
Halosarcina pallida,Archaea,https://www.gbif.org/species/8043589,No
Halosarcina sp,Archaea,https://www.gbif.org/species/4896427,No
Halosarcina spp,Archaea,https://www.gbif.org/species/4896427,No
Halosimplex carlsbadense,Archaea,https://www.gbif.org/species/1000172,No
Halosimplex sp,Archaea,https://www.gbif.org/species/1000171,No
Halosimplex spp,Archaea,https://www.gbif.org/species/1000171,No
Halotalea alkalilenta,Bacteria,https://www.gbif.org/species/8207199,No
Halotalea sp,Bacteria,https://www.gbif.org/species/4902130,No
Halotalea spp,Bacteria,https://www.gbif.org/species/4902130,No
Haloterrigena saccharetolerans,Archaea,https://www.gbif.org/species/1000255,No
Haloterrigena sp,Archaea,https://www.gbif.org/species/1000255,No
Haloterrigena spp,Archaea,https://www.gbif.org/species/1000255,No
Haloterrigena turkmenica,Archaea,https://www.gbif.org/species/1000258,No
Halovibrio sp,Bacteria,https://www.gbif.org/species/3222071,No
Halovibrio spp,Bacteria,https://www.gbif.org/species/3222071,No
Halovibrio variabilis,Bacteria,https://www.gbif.org/species/3222133,No
Halovivax ruber,Archaea,https://www.gbif.org/species/8137570,No
Halovivax sp,Archaea,https://www.gbif.org/species/1000233,No
Halovivax spp,Archaea,https://www.gbif.org/species/1000233,No
Heliotropium curassavicum,Plantae,https://www.gbif.org/species/2925786,No
Heliotropium sp,Plantae,https://www.gbif.org/species/2925766,No
Heliotropium spp,Plantae,https://www.gbif.org/species/2925766,No
Idiomarina loihiensis,Bacteria,https://www.gbif.org/species/3222687,No
Idiomarina sp,Bacteria,https://www.gbif.org/species/3222683,No
Idiomarina spp,Bacteria,https://www.gbif.org/species/3222683,No
Juncus acutus,Plantae,https://www.gbif.org/species/2701632,No
Juncus gerardii,Plantae,https://www.gbif.org/species/6413621,No
Juncus sp,Plantae,https://www.gbif.org/species/2701072,No
Juncus spp,Plantae,https://www.gbif.org/species/2701072,No
Kosteletzkya sp,Plantae,https://www.gbif.org/species/10681930,No
Kosteletzkya spp,Plantae,https://www.gbif.org/species/10681930,No
Kosteletzkya virginica,Plantae,https://www.gbif.org/species/3152482,No
Laguncularia racemosa,Plantae,https://www.gbif.org/species/3189382,No
Laguncularia sp,Plantae,https://www.gbif.org/species/3189381,No
Laguncularia spp,Plantae,https://www.gbif.org/species/3189381,No
Lepidium latifolium,Plantae,https://www.gbif.org/species/5376692,No
Lepidium sp,,,No
Lepidium spp,,,No
Leptochloa fusca,Plantae,https://www.gbif.org/species/2703868,No
Leptochloa sp,Plantae,https://www.gbif.org/species/2703864,No
Leptochloa spp,Plantae,https://www.gbif.org/species/2703864,No
Leymus arenarius,Plantae,https://www.gbif.org/species/2706368,No
Leymus sp,Plantae,https://www.gbif.org/species/2706325,No
Leymus spp,Plantae,https://www.gbif.org/species/2706325,No
Limonium auriculatum,Plantae,https://www.gbif.org/species/3082293,No
Limonium bellidifolium,Plantae,https://www.gbif.org/species/4090205,No
Limonium narbonense,Plantae,https://www.gbif.org/species/4089594,No
Limonium sp,Plantae,https://www.gbif.org/species/3082293,No
Limonium spp,Plantae,https://www.gbif.org/species/3082293,No
Limonium spp.,Plantae,https://www.gbif.org/species/3082293,No
Limonium vulgare,Plantae,https://www.gbif.org/species/3082322,No
Marinobacter hydrocarbonoclasticus,Bacteria,https://www.gbif.org/species/3222779,No
Marinobacter lipolyticus,Bacteria,https://www.gbif.org/species/11921796,No
Marinobacter oulmenensis,Bacteria,https://www.gbif.org/species/8147418,No
Marinobacter sp,Bacteria,https://www.gbif.org/species/5606,No
Marinobacter spp,Bacteria,https://www.gbif.org/species/5606,No
Marinococcus halophilus,Bacteria,https://www.gbif.org/species/3228055,No
Marinococcus sp,Bacteria,https://www.gbif.org/species/3227728,No
Marinococcus spp,Bacteria,https://www.gbif.org/species/3227728,No
Marinospirillum minutulum,Bacteria,https://www.gbif.org/species/3222183,No
Marinospirillum sp,Bacteria,https://www.gbif.org/species/3222180,No
Marinospirillum spp,Bacteria,https://www.gbif.org/species/3222180,No
Micrococcus halobius,Bacteria,https://www.gbif.org/species/5427839,No
Micrococcus sp,,,No
Micrococcus spp,,,No
Mycorrhizal fungi,,,No
Natrialba magadii,Archaea,https://www.gbif.org/species/1000267,No
Natrialba sp,Archaea,https://www.gbif.org/species/1000262,No
Natrialba spp,Archaea,https://www.gbif.org/species/1000262,No
Natrinema pallidum,Archaea,https://www.gbif.org/species/1000174,No
Natrinema sp,Archaea,https://www.gbif.org/species/1000173,No
Natrinema spp,Archaea,https://www.gbif.org/species/1000173,No
Natrinema thermophila,Archaea,https://www.gbif.org/species/1000173,No
Natrinema versiforme,Archaea,https://www.gbif.org/species/1000177,No
Natronoarchaeum mannanilyticum,Archaea,https://www.gbif.org/species/7505236,No
Natronoarchaeum sp,Archaea,https://www.gbif.org/species/8334379,No
Natronoarchaeum spp,Archaea,https://www.gbif.org/species/8334379,No
Natronobacterium gregoryi,Archaea,https://www.gbif.org/species/1000164,No
Natronobacterium sp,Archaea,https://www.gbif.org/species/1000163,No
Natronobacterium spp,Archaea,https://www.gbif.org/species/1000163,No
Natronococcus occultus,Archaea,https://www.gbif.org/species/1000239,No
Natronococcus sp,Archaea,https://www.gbif.org/species/1000237,No
Natronococcus spp,Archaea,https://www.gbif.org/species/1000237,No
Natronomonas pharaonis,Archaea,https://www.gbif.org/species/1000271,No
Natronomonas sp,Archaea,https://www.gbif.org/species/1000270,No
Natronomonas spp,Archaea,https://www.gbif.org/species/1000270,No
Nitraria schoberi,Plantae,https://www.gbif.org/species/6384826,No
Nitraria sp,Plantae,https://www.gbif.org/species/6384813,No
Nitraria spp,Plantae,https://www.gbif.org/species/6384813,No
Oceanobacillus iheyensis,Bacteria,https://www.gbif.org/species/3227801,No
Oceanobacillus sp,Bacteria,https://www.gbif.org/species/3227800,No
Oceanobacillus spp,Bacteria,https://www.gbif.org/species/3227800,No
Oceanospirillum linum,Bacteria,https://www.gbif.org/species/3222140,No
Oceanospirillum sp,Bacteria,https://www.gbif.org/species/3221057,No
Oceanospirillum spp,Bacteria,https://www.gbif.org/species/3221057,No
Odontites sp,Plantae,https://www.gbif.org/species/3172217,No
Odontites spp,Plantae,https://www.gbif.org/species/3172217,No
Odontites vernus,Plantae,https://www.gbif.org/species/8971475,No
Odyssea mucronata,Plantae,https://www.gbif.org/species/4112146,No
Odyssea sp,Plantae,https://www.gbif.org/species/4112137,No
Odyssea spp,Plantae,https://www.gbif.org/species/4112137,No
Paspalum sp,Plantae,https://www.gbif.org/species/2705540,No
Paspalum spp,Plantae,https://www.gbif.org/species/2705540,No
Paspalum vaginatum,Plantae,https://www.gbif.org/species/8100050,No
Peganum harmala,Plantae,https://www.gbif.org/species/3189912,No
Peganum sp,Plantae,https://www.gbif.org/species/3189910,No
Peganum spp,Plantae,https://www.gbif.org/species/3189910,No
Phragmites australis,Plantae,https://www.gbif.org/species/5290149,No
Phragmites sp,Plantae,https://www.gbif.org/species/2705783,No
Phragmites spp,Plantae,https://www.gbif.org/species/2705783,No
Plantago maritima,Plantae,https://www.gbif.org/species/3189755,No
Plantago sp,Plantae,https://www.gbif.org/species/3189695,No
Plantago spp,Plantae,https://www.gbif.org/species/3189695,No
Reaumuria sp,,,No
Reaumuria spp,,,No
Reaumuria vermiculata,Plantae,https://www.gbif.org/species/5535223,No
Rhizophora mangle,Plantae,https://www.gbif.org/species/3086528,No
Rhizophora sp,Plantae,https://www.gbif.org/species/3086525,No
Rhizophora spp,Plantae,https://www.gbif.org/species/3086525,No
Salicornia bigelovii,Plantae,https://www.gbif.org/species/5383959,No
Salicornia dolichostachya,Plantae,https://www.gbif.org/species/6035535,No
Salicornia europaea,Plantae,https://www.gbif.org/species/12239479,No
Salicornia perennans,Plantae,https://www.gbif.org/species/5568886,No
Salicornia perennis,Plantae,https://www.gbif.org/species/5383932,No
Salicornia rubra,Plantae,https://www.gbif.org/species/5383950,No
Salicornia sp,,,No
Salicornia spp,,,No
Salicornia utahensis,Plantae,https://www.gbif.org/species/8264266,No
Salinibacter ruber,Bacteria,https://www.gbif.org/species/3228825,No
Salinibacter sp,Bacteria,https://www.gbif.org/species/3228824,No
Salinibacter spp,Bacteria,https://www.gbif.org/species/3228824,No
Salinicoccus roseus,Bacteria,https://www.gbif.org/species/3227642,No
Salinicoccus sp,Bacteria,https://www.gbif.org/species/3227641,No
Salinicoccus spp,Bacteria,https://www.gbif.org/species/3227641,No
Salinimonas chungwhensis,Bacteria,https://www.gbif.org/species/3222761,No
Salinimonas sp,Bacteria,https://www.gbif.org/species/3222760,No
Salinimonas spp,Bacteria,https://www.gbif.org/species/3222760,No
Salinisphaera shabanensis,Bacteria,https://www.gbif.org/species/3222040,No
Salinisphaera sp,Bacteria,https://www.gbif.org/species/3222039,No
Salinisphaera spp,Bacteria,https://www.gbif.org/species/3222039,No
Salinivibrio sp,Bacteria,https://www.gbif.org/species/3222411,No
Salinivibrio spp,Bacteria,https://www.gbif.org/species/3222411,No
Salinivibrio spp.,Bacteria,https://www.gbif.org/species/3222411,No
Salsola kali,Plantae,https://www.gbif.org/species/3083957,No
Salsola soda,Plantae,https://www.gbif.org/species/8266023,No
Salsola sp,Plantae,https://www.gbif.org/species/3083944,No
Salsola spp,Plantae,https://www.gbif.org/species/3083944,No
Salsola tragus,Plantae,https://www.gbif.org/species/3083945,No
Samolus repens,Plantae,https://www.gbif.org/species/7290572,No
Samolus sp,Plantae,https://www.gbif.org/species/3169310,No
Samolus spp,Plantae,https://www.gbif.org/species/3169310,No
Sarcocornia perennis,Plantae,https://www.gbif.org/species/3083615,No
Sarcocornia quinqueflora,Plantae,https://www.gbif.org/species/7340091,No
Sarcocornia sp,Plantae,https://www.gbif.org/species/9511788,No
Sarcocornia spp,Plantae,https://www.gbif.org/species/9511788,No
Scirpus maritimus,Plantae,https://www.gbif.org/species/2718334,No
Scirpus sp,Plantae,https://www.gbif.org/species/2720078,No
Scirpus spp,Plantae,https://www.gbif.org/species/2720078,No
Sesbania sesban,Plantae,https://www.gbif.org/species/2970648,No
Sesbania sp,Plantae,https://www.gbif.org/species/7854649,No
Sesbania spp,Plantae,https://www.gbif.org/species/7854649,No
Sesuvium portulacastrum,Plantae,https://www.gbif.org/species/3084883,No
Sesuvium sp,Plantae,https://www.gbif.org/species/3084879,No
Sesuvium spp,Plantae,https://www.gbif.org/species/3084879,No
Spartina alterniflora,Plantae,https://www.gbif.org/species/5290035,No
Spartina cynosuroides,Plantae,https://www.gbif.org/species/5290042,No
Spartina patens,Plantae,https://www.gbif.org/species/5290026,No
Spartina sp,Plantae,https://www.gbif.org/species/12086863,No
Spartina spp,Plantae,https://www.gbif.org/species/12086863,No
Sporobolus alterniflorus,Plantae,https://www.gbif.org/species/9394776,No
Sporobolus sp,Plantae,https://www.gbif.org/species/2704744,No
Sporobolus spp,Plantae,https://www.gbif.org/species/2704744,No
Sporobolus virginicus,Plantae,https://www.gbif.org/species/2704745,No
Suaeda aegyptiaca,Plantae,https://www.gbif.org/species/3757104,No
Suaeda australis,Plantae,https://www.gbif.org/species/3757896,No
Suaeda depressa,Plantae,https://www.gbif.org/species/6447714,No
Suaeda heterophylla,Plantae,https://www.gbif.org/species/7691377,No
Suaeda maritima,Plantae,https://www.gbif.org/species/3083541,No
Suaeda sp,Plantae,https://www.gbif.org/species/7677792,No
Suaeda spp,Plantae,https://www.gbif.org/species/7677792,No
Suaeda vera,Plantae,https://www.gbif.org/species/6035538,No
Tamarix ramosissima,Plantae,https://www.gbif.org/species/2874700,No
Tamarix sp,Plantae,https://www.gbif.org/species/2874694,No
Tamarix spp,Plantae,https://www.gbif.org/species/2874694,No
Tecticornia indica,Plantae,https://www.gbif.org/species/7340130,No
Tecticornia sp,Plantae,https://www.gbif.org/species/7339656,No
Tecticornia spp,Plantae,https://www.gbif.org/species/7339656,No
Tetraena qatarense,Plantae,https://www.gbif.org/species/3987017,No
Tetraena sp,Plantae,https://www.gbif.org/species/6384842,No
Tetraena spp,Plantae,https://www.gbif.org/species/6384842,No
Thalassobacillus devorans,Bacteria,https://www.gbif.org/species/11081001,No
Thalassobacillus sp,Bacteria,https://www.gbif.org/species/3227820,No
Thalassobacillus spp,Bacteria,https://www.gbif.org/species/3227820,No
Tripolium pannonicum,Plantae,https://www.gbif.org/species/3098616,No
Tripolium sp,Plantae,https://www.gbif.org/species/3098611,No
Tripolium spp,Plantae,https://www.gbif.org/species/3098611,No
Vibrio costicola,Bacteria,https://www.gbif.org/species/8902867,No
Vibrio sp,,,No
Vibrio spp,,,No
Wallemia ichthyophaga,Fungi,https://www.gbif.org/species/3383947,No
Wallemia sp,Fungi,https://www.gbif.org/species/2512785,No
Wallemia spp,Fungi,https://www.gbif.org/species/2512785,No
Rhizobium,Bacteria,https://www.gbif.org/species/3220733,No
Bradyrhizobium,Bacteria,https://www.gbif.org/species/3221031,No
Azotobacter,Bacteria,https://www.gbif.org/species/3223250,No
Azospirillum,Bacteria,https://www.gbif.org/species/3221657,No
Frankia,,,No
Nitrosomonas,Bacteria,https://www.gbif.org/species/3220363,No
Nitrobacter,Bacteria,https://www.gbif.org/species/8012262,No
bacillus subtilis,Bacteria,https://www.gbif.org/species/10826006,No
Pseudomonas,Bacteria,https://www.gbif.org/species/5607,No
Streptomyces,Bacteria,https://www.gbif.org/species/8091,No
Arthrobacter,Bacteria,https://www.gbif.org/species/3836,No
Cellulomonas,Bacteria,https://www.gbif.org/species/3224279,No
Paenibacillus,Bacteria,https://www.gbif.org/species/4706,No
Enterobacter,Bacteria,https://www.gbif.org/species/3221976,No
Serratia,,,No
Halomonas,Bacteria,https://www.gbif.org/species/9535,No
Marinobacter,Bacteria,https://www.gbif.org/species/5606,No
Salinibacter,Bacteria,https://www.gbif.org/species/3228824,No
Halobacillus,Bacteria,https://www.gbif.org/species/3227822,No
Alkalibacterium,Bacteria,https://www.gbif.org/species/3227146,No
Glomus,,,No
Rhizophagus,,,No
Claroideoglomus,Fungi,https://www.gbif.org/species/7930462,No
Trichoderma,,,No
Aspergillus,,,No
Penicillium,Fungi,https://www.gbif.org/species/95,No
Fusarium,Fungi,https://www.gbif.org/species/2554026,No
Thaumarchaeota,Archaea,https://www.gbif.org/species/11048569,No
Nitrososphaera,Archaea,https://www.gbif.org/species/8079935,No
Nitrosopumilus,Archaea,https://www.gbif.org/species/6453387,No
